{"cameraMode":{"drawMode":0,"name":"Shaded","section":"Shading Mode"},"sceneLighting":true,"audioPlay":false,"sceneViewState":{"m_AlwaysRefresh":false,"showFog":true,"showSkybox":true,"showFlares":true,"showImageEffects":true,"showParticleSystems":true,"showVisualEffectGraphs":true,"m_FxEnabled":true},"in2DMode":false,"pivot":{"x":-1.336772084236145,"y":4.992256164550781,"z":30.619064331054689},"rotation":{"x":-0.03773738071322441,"y":-0.057829536497592929,"z":0.0021880848798900844,"w":-0.9976136684417725},"size":21.858844757080079,"orthographic":false}